ham,Are you coming to the party tonight?
spam,You have won free tickets to Bahamas! Reply YES to claim.
spam,Congratulations! You are our lucky winner today!
spam,Claim your lottery prize before midnight. Click here!
ham,"Hey, are we still meeting today?"
spam,Exclusive offer! Buy 1 get 1 free. Limited time only!
spam,Claim your lottery prize before midnight. Click here!
spam,Congratulations! You are our lucky winner today!
ham,"Hey, are we still meeting today?"
ham,Can you send me the report by 5 pm?
ham,Don't forget to pick up milk on the way home.
spam,WINNER! Text WIN to 90099 to receive your prize.
ham,Can you send me the report by 5 pm?
ham,Can you send me the report by 5 pm?
spam,Your account has been selected for a reward. Visit our site now!
ham,Are you coming to the party tonight?
ham,Can you send me the report by 5 pm?
spam,Act now! Limited seats available for this amazing deal.
ham,Don't forget to pick up milk on the way home.
ham,Please bring your laptop to the office.
spam,Congratulations! You have won a $500 gift card. Claim now!
ham,Can you send me the report by 5 pm?
spam,Congratulations! You are our lucky winner today!
ham,Can you send me the report by 5 pm?
ham,Meeting has been postponed to 3 PM.
ham,Can you send me the report by 5 pm?
spam,You’ve been selected for a free vacation. Click here to claim!
spam,Act now! Limited seats available for this amazing deal.
spam,Congratulations! You are our lucky winner today!
spam,Congratulations! You are our lucky winner today!
ham,Are you coming to the party tonight?
spam,WINNER! Text WIN to 90099 to receive your prize.
ham,Meeting has been postponed to 3 PM.
ham,"Hey, are we still meeting today?"
spam,Your account has been selected for a reward. Visit our site now!
spam,You’ve been selected for a free vacation. Click here to claim!
ham,Can you send me the report by 5 pm?
spam,You’ve been selected for a free vacation. Click here to claim!
ham,Let’s catch up over coffee tomorrow.
ham,"Hey, are we still meeting today?"
ham,"Hey, are we still meeting today?"
spam,"You’ve been pre-approved for a $10,000 credit line. Apply today!"
spam,Congratulations! You are our lucky winner today!
ham,Let’s catch up over coffee tomorrow.
spam,Exclusive offer! Buy 1 get 1 free. Limited time only!
ham,I’ll call you after the meeting.
spam,"You’ve been pre-approved for a $10,000 credit line. Apply today!"
ham,Can you send me the report by 5 pm?
ham,Can you send me the report by 5 pm?
spam,Congratulations! You are our lucky winner today!
spam,You have won free tickets to Bahamas! Reply YES to claim.
ham,"Hey, are we still meeting today?"
spam,Your account has been selected for a reward. Visit our site now!
ham,Please bring your laptop to the office.
spam,Congratulations! You are our lucky winner today!
spam,You have won free tickets to Bahamas! Reply YES to claim.
spam,"You’ve been pre-approved for a $10,000 credit line. Apply today!"
spam,Exclusive offer! Buy 1 get 1 free. Limited time only!
ham,Can you send me the report by 5 pm?
ham,Can you send me the report by 5 pm?
spam,Exclusive offer! Buy 1 get 1 free. Limited time only!
ham,Can you send me the report by 5 pm?
spam,Your account has been selected for a reward. Visit our site now!
spam,You have won free tickets to Bahamas! Reply YES to claim.
ham,Please bring your laptop to the office.
spam,Claim your lottery prize before midnight. Click here!
spam,You have won free tickets to Bahamas! Reply YES to claim.
ham,Thanks for your help earlier today.
ham,"Hey, are we still meeting today?"
ham,Let’s catch up over coffee tomorrow.
spam,Congratulations! You have won a $500 gift card. Claim now!
ham,Let’s catch up over coffee tomorrow.
ham,Thanks for your help earlier today.
spam,You’ve been selected for a free vacation. Click here to claim!
ham,See you at work tomorrow.
ham,Thanks for your help earlier today.
ham,Meeting has been postponed to 3 PM.
spam,Exclusive offer! Buy 1 get 1 free. Limited time only!
spam,"You’ve been pre-approved for a $10,000 credit line. Apply today!"
spam,Congratulations! You are our lucky winner today!
ham,Let’s catch up over coffee tomorrow.
spam,WINNER! Text WIN to 90099 to receive your prize.
ham,Please bring your laptop to the office.
spam,Your account has been selected for a reward. Visit our site now!
spam,You have won free tickets to Bahamas! Reply YES to claim.
spam,You’ve been selected for a free vacation. Click here to claim!
ham,Thanks for your help earlier today.
ham,Don't forget to pick up milk on the way home.
ham,Are you coming to the party tonight?
ham,"Hey, are we still meeting today?"
ham,Thanks for your help earlier today.
ham,Thanks for your help earlier today.
spam,Act now! Limited seats available for this amazing deal.
ham,Meeting has been postponed to 3 PM.
spam,Act now! Limited seats available for this amazing deal.
spam,You’ve been selected for a free vacation. Click here to claim!
spam,Congratulations! You are our lucky winner today!
ham,Don't forget to pick up milk on the way home.
spam,You have won free tickets to Bahamas! Reply YES to claim.
spam,"You’ve been pre-approved for a $10,000 credit line. Apply today!"
